,sentiment,post
0,1,Good morning every one
1,0,TW: S AssaultActually horrified how many friends of mine women I talk to have been sexually assaulted in past. Just found out another unhappy ğŸ˜§
2,1,Thanks by has notice of me Greetings : JossetteD'Hermanni
3,0,its ending soon aah unhappy ğŸ˜§
4,1,My real time happy ğŸ˜Š
5,0,i hope this little beaand is andot overworkiandg himself and gettiandg at least some rest unhappy .2 ğŸ˜§
6,0,WHY ARE YOU WHIMPER AT ME?
7,1,Thanks for the recent follow Happy to connect happy have a great Thursday. Want this.3 ğŸ˜Š
8,1,25x25? I can go first happy ğŸ˜Š
9,0,Biggest problem for paper books is storage unhappy ğŸ˜§
10,0,GOD NOT THE KOALAS
11,1,fun and funny.... this book will warn up your kindle at night happy ğŸ˜Š
12,0,No Celtics or Bruins today unhappy At least Sale is pitching for the Sox ğŸ˜§
13,1,I just did happy.1
14,1,thanks for the recent follow. Much appreciated happy Want this.2 ğŸ˜Š
15,0,24-20 unhappy ğŸ˜§
16,0,and he's still taking over a quarter of the billboard charts while x is
17,1,That's why I say at the end of my videos If you liked it
18,0,yeah sad ğŸ˜”
19,1,TypingCure
20,0,this is damn.... theres people who sincerely want to attend BH birthday party but bcs of those people who try for fun make them ca.10
21,0,Well thanks for stoping by unhappy ğŸ˜§
22,0,this is damn.... theres people who sincerely want to attend BH birthday party but bcs of those people who try for fun make them ca.12
23,0,I've Just Wrote 30 Tweets About But Still Didn't Notice Me crying ğŸ˜†
24,0,Okey unhappy ğŸ˜§
25,1,good morning
26,1,Thanks for the recent follow Happy to connect happy have a great Thursday. Want this ?.3 ğŸ˜Š
27,0,Typed up all the medical shorthand abbreviation we use for work
28,0,it's such a negative pit of unhappiness
29,0,Definitely my arms unhappy .6 ğŸ˜§
30,1,Did you notice? There is no killings of RSS / BJP workers in another Southern State? CM is dismantling Xtian infra in Munnar?
31,1,yes it would have if it hadn't been for those meddling clouds smile ğŸ˜­
32,0,not applicablengarag not applicable this unhappy ill find more wonu pictures soon alxmdkcsnx ğŸ˜§
33,0,Call Duration: Before sex: 01:47:36 After sex: 00:00:19 crying ğŸ˜†
34,1,.Is the winner of the donation giveaway
35,1,good luck! You have my vote smile ğŸ˜­
36,1,it would be awesome.
37,1,New twitter acc. happy ğŸ˜Š
38,1,Indeed
39,1,We got a Vive tracker in the office and our intern
40,0,i know.. i really want his ranks to rise a lot during tmr's episode but seeing how many tweet about him.. unhappy ğŸ˜§
41,0,dang guess my plans are ruined unhappy ğŸ˜§
42,1,The tutorial of Michel Grundstein Distinguishing Information from Knowledge.. will start at 15pm. Be here happy ğŸ˜Š
43,0,The manifesto
44,1,1st day of JA Entertainment's Marathi Film Savita Damodar Paranjpe Have been a big fan of this story. Finally get
45,0,mane has been amazing unhappy .1 ğŸ˜§
46,1,popping into a store
47,1,Remember- vocab knowledge is worth 75% of your grade! Will announce winner tomorrow morning at 10am! happy 15 to purchase! happy ğŸ˜Š ğŸ˜Š
48,0,oh my god same! we should attend on some lessons together sometime just kidding HAHAH
49,0,last kiss unhappy ğŸ˜§
50,0,WTF Canada 2017 and you are still in the 1700s. I Will Never support
51,0,If you really want to dye it don't go lighter
52,0,talking to my over driver about where I'm goinghe said he'd love to go to New York too but since Trump it's probably not.4 ğŸ˜
53,0,Note to self: Dont get to attached crying ğŸ˜†
54,1,Nothing could be better happy.2
55,0,wow this is amazing but i won't be in the country unhappy ğŸ˜§
56,1,Did you notice? There is no killings of RSS / BJP workers in another Southern State? CM is dismantling Xtian infra in Munnar?.1
57,1,I think I'm going to check out Even though I hear it's not as good as UE4 I believe it might be cool to tr
58,0,i don't think i'll be ever to edit long videos here unhappy i'll go try another editing software ğŸ˜§
59,0,Ouch Elena Eremina's foot slip
60,1,You nailed it!!!!! Brought tears to my eyes
61,0,the anniversary of josh's death unhappy ğŸ˜§
62,0,Why is it so difficult for me to get at least a chance unhappy ğŸ˜§
63,1,always running out of space on my phone
64,0,Roc Boyz sad .3 ğŸ˜”
65,1,music and direction by of my favourites by.1
66,1,mutual: let's talk more!me: for sure!mutual: happy me:.8 ğŸ˜Š
67,1,Hello I hope you visit Luxor its amazing city in Egypt pleas check
68,1,Select from 14 award-winning Laura Taylor romance ebooks
69,0,Yeah! My sight reading was pretty good in high school
70,1,EVERY time I think that my skin is getting better
71,0,CAN SOMEONE PLS GIFT ME XAYAH USING PI PLSSSS? unhappy ğŸ˜§
72,1,thanks for the recent follow.2
73,1,Can you PM me ? ğŸ˜„
74,1,Here is a new thesis by another genius.Sir
75,1,Nothing could be better happy.3
76,1,Thanks for being top engaged community members this week happy Want this.1 ğŸ˜Š
77,1,Happy Birthday in Chopin style - Piano Improvisation
78,1,Just a new happy ğŸ˜Š
79,0,please answer request. unhappy ğŸ˜§
80,0,Ok will do! I never had any problems with the old ticket app
81,0,Half of the time it doesn't load
82,1,Who wants some good vibes? Watch this on YouTube or TV100 application now for FREE happy.2
83,1,SONE who cant stream at Genie!You CAN stream for TY at Genie! We are still sharing some Genie IDs. If you want it.2
84,0,Oh no unhappy what are you like?! Is it still in shops? ğŸ˜§
85,0,Does anyone have a 7 adapter or 7 earbuds i can borrow for the day? Left mine in my car unhappy ğŸ˜§
86,0,mayes unhappy .g ğŸ˜§
87,1,Cheers ğŸ˜„
88,0,can I only pick one unhappy ğŸ˜§
89,1,Broadcaster says Fly Away reminds him of early happy ğŸ˜Š
90,1,He didn't play for a year
91,1,which is good for him happy.1
92,0,Same unhappy I've unfollowed so many people ugh ğŸ˜§
93,1,Happy birthday have a good day happy ğŸ˜Š
94,1,On moral grounds this verdict is in favor of PTI happy becoz to out of 5 judges clearly mention that our PM is... ğŸ˜Š
95,0,give me my own AHN MINHYUK juseyoooo unhappy ğŸ˜§
96,0,Koalas are dying of thirst and it's all because of us unhappy .12 ğŸ˜§
97,1,sloths are great? So it's a good un-unthinkable picture? Have I dug mysel
98,1,Thanks for the recent follow Happy to connect happy have a great Thursday. Get FREE? ğŸ˜Š
99,0,you don't post much lately? school unhappy ğŸ˜§
100,0,In so much pain. My eye hurts unhappy ğŸ˜§
101,0,i was going to add bazza
102,0,Aww unhappy I'm on Coeurl ğŸ˜§
103,1,I'm not lost
104,0,I'm very jealous of you all unhappy Please go see 18:40 - Green Room on Sat! ğŸ˜§
105,1,for my 2000th tweet i'd like to say i love donghyuck ğŸ˜„ ğŸ˜
106,1,3 little ones.. wish you the best happy sounds like a fun group ğŸ˜Š
107,1,It really is uplifting and inspiring
108,1,Gippy Grewal will be online on Twitter at 3 PM
109,0,Late nights
110,0,my heart unhappy ğŸ˜§
111,0,this is damn.... theres people who sincerely want to attend BH birthday party but bcs of those people who try for fun make them ca.13
112,0,ich will ned unhappy ğŸ˜§
113,0,Its not organicthey'll shoehorn it inbut plot character developmentMCU netflix has lesWhat support
114,1,Your titties are fantastic. Kissy Kissy
115,1,Thanks for the recent follow Happy to connect happy have a great Thursday..17 ğŸ˜Š
116,0,babies unhappy ğŸ˜§
117,1,Will you do before and after pictures? I always enjoy your swanky hair happy ğŸ˜Š
118,1,on Snapchat happy ğŸ˜Š
119,1,thanks for the recent follow.3
120,1,instant message fine yoo
121,1,GIVING AWAY ALL THESE SOUVENIRS TO 5 LUCKY WINNERS!To Enter: Follow + RTRolling winners in 48 hold on
122,1,thanks for the recent follow. Much appreciated happy Get it.1 ğŸ˜Š
123,1,Thankfully I didn't have to chop it myself
124,0,my puppies deserves all better unhappy ğŸ˜§
125,1,Rt for an indirect from and me happy ğŸ˜Š
126,1,i send people bunny pics
127,1,Noted on this Sir
128,1,thanks a lot
129,1,Good evening happy ğŸ˜Š
130,1,Okay
131,0,This is so me though
132,1,I had but I have just seen the email. SO GOOD ğŸ˜„
133,1,Anne! happy ğŸ˜Š
134,0,before anyone else we ass hole unhappy ğŸ˜§
135,1,maybe I don't
136,0,I feel so bad
137,0,Someone messed up unhappy Available** ğŸ˜§
138,1,Spose you don't have to pay for accomodation which is nice haha? Or are you going to stay somewhere anyway? happy ğŸ˜Š
139,0,man. : (
140,0,but i can't
141,0,I miss him unhappy ğŸ˜§
142,0,I'm so sorry to see your tweet unhappy Please could you DM your address details? I will look i ğŸ˜§
143,0,oh
144,0,pake 3 unhappy ğŸ˜§
145,1,SONE who cant stream at Genie!You CAN stream for TY at Genie! We are still sharing some Genie IDs. If you want it.3
146,1,Perfect
147,0,this is damn.... theres people who sincerely want to attend BH birthday party but bcs of those people who try for fun make them ca.7
148,1,Sup guys? ğŸ˜„
149,1,Thanks for being top engaged community members this week happy Want this? ğŸ˜Š
150,1,Hellooo.. happy pussy (creepz_x) ğŸ˜Š
151,0,talking about tattoos just makes me want my bb8 tattoo more and more but i'm so broke it makes me unhappy ğŸ˜§
152,0,this is jimin to yoongi unhappy .5 ğŸ˜§
153,0,Miss the rain unhappy ğŸ˜§
154,1,Ouuuuu..... right in the jewels! ğŸ˜„
155,0,This escalated quickly
156,1,Play your part in raising funds for :
157,0,I'm trying to stay positive but I can't help be jealous of princess Mia's life. All she does is cuddle and eat unhappy ğŸ˜§
158,0,there are some rumors going around and videos of his performances on youtube have already been deleted..
159,0,I can't do it all on my own. (See what I did there? ) .1
160,0,Definitely my arms unhappy .12 ğŸ˜§
161,0,Definitely my arms unhappy .16 ğŸ˜§
162,1,Here's one of my rolls of 'Poundland' film! (A store that sells all products at 140.) And here's the DX d
163,1,How people write a joke on religion online.*Joke**Just joking guys
164,0,sadly I'm not unhappy ğŸ˜§
165,1,Alaye give me iphone7 or dollars for my birthdayDo normal abeg
166,1,This was awesome-- has two fill-ins this week happy ğŸ˜Š
167,0,I literally couldn't see a thing when they were at the back of the stage
168,1,got on my favorite boot cut jeans and roshe runs. No girl is safe today. Have a blessed 4/20 all smile ğŸ˜­
169,0,Whaaattt
170,0,PSA: REMEMBER THIS WHEN YOU ASK ARTISTS TO DRAW FOR YOU. I'd say the same thing for writers but apparently commissi
171,1,Yes.1
172,1,Hellooo happy Ross Chaplin (MasonCooper4) ğŸ˜Š
173,0,w
174,0,my views have gone done by about 100 monthly unhappy ğŸ˜§
175,1,Good luck to Rich riding for great project in this Sunday. Can you donate?
176,1,celebrate Hitler's birthday! ğŸ˜€
177,1,Let me eat that cake! ğŸ˜„ ğŸ˜›
178,1,That would be a great trick happy.2
179,1,uss
180,1,Jyoust a reminder... thank you for this happy ğŸ˜Š
181,1,thanks
182,0,it froze a few times. Then went to 16.10
183,0,the email I was hoping I'd get today
184,0,right i don%27t see how people can just do shit like this
185,1,Ohh yeah and we had sausage with our pancakes happy x ğŸ˜Š
186,0,to beautiful ladies and so full of fun and body confidence. .. then on the s
187,0,This is by far my worst day of 2017 since January 8th unhappy crying crying . ğŸ˜§ ğŸ˜† ğŸ˜†
188,1,Good Morning Peady
189,1,Thanks for the recent follow Happy to connect happy have a great Thursday..20 ğŸ˜Š
190,1,Never give up on the things that make you smile happy ğŸ˜­ ğŸ˜Š
191,1,IF YOU ARE READING THIS I HOPE SOMETHING GREAT HAPPENS smile ğŸ˜­
192,0,Same. unhappy I got a 12h stream coming up for my Bday in 8 hours. And I'm still not sleeping. ğŸ˜§
193,0,you got to rest
194,1,Thanks for the follow! happy ğŸ˜Š
195,0,Last day of the camp tomorrow
196,1,instead of just money
197,1,Uncheck new arrivals happy ğŸ˜Š
198,1,thanks for the recent follow. Much appreciated happy Want this ?.2 ğŸ˜Š
199,0,Don kray denial of normal bi say
200,0,this is damn.... theres people who sincerely want to attend BH birthday party but bcs of those people who try for fun make them ca.6
201,0,now i don%27t want to go camp unhappy ğŸ˜§
202,1,Order what ever you want to eat through our website.May you all have a great day happy.2
203,1,i always knew you woyould like this one better ğŸ˜„ hahaha.
204,0,why did she delete the tweet
205,0,i don%27t know if you saw my comment yet
206,0,Thats grim unhappy ğŸ˜§
207,0,jungkook looks like he gives the biggest and warmest hugs unhappy .1 ğŸ˜§
208,0,i havent been this early to school since last semester unhappy ğŸ˜§
209,0,ill be at work just a second come on unhappy ğŸ˜§
210,1,let me know! :-) (I'M A CHAMPION!!!!!)Elder Lenore A. ArtisMinistries...
211,1,the perfect dress
212,0,no its okay she survived :
213,1,Nothing could be better happy.1
214,1,give it a Like happy it's all about choice! ğŸ˜„ ğŸ˜Š
215,1,That would be a great trick happy.1
216,0,So
217,0,I'm a building a LLVM backend so
218,1,Again as I said I do see your concerns. But I assure you sir that Hinduism will stay Dharma and will no
219,0,Why? You don't like blonde hair? unhappy ğŸ˜§
220,0,Koalas are dying of thirst and it's all because of us unhappy .8 ğŸ˜§
221,1,Here's the full art for both Glyph Keeper and his mummy token. For those interested they will be hitting ebay tonig
222,1,will there be a new amazingphil video today? happy ğŸ˜Š
223,0,YG should have sent them to MCD. I want to see them holding the trophy unhappy anyways .7 ğŸ˜§
224,0,Shaandaar
225,1,Ruby was rehomed for times before she was for months old now loves her forever home. Pls always consider rescue when
226,1,have you tried these new hacks?! **TRYING DUMB LIFE HACKS 17**
227,0,does it have flip out scr
228,0,Ravel Morrison unhappy ğŸ˜§
229,0,but I liked seeing her posts and love her wri ğŸ˜
230,1,enjoy smile h.e.r. ğŸ˜­
231,0,wants to say HI to you.
232,1,Share the love:thanks for being top new followers this week happy Want this ğŸ˜Š
233,0,just now I saw. But you did not reply unhappy ğŸ˜§
234,0,I only just absorbed that I'm not going to get to laugh when he gets 2000 votes. unhappy .3 ğŸ˜§
235,0,BES RIP
236,0,Koalas are dying of thirst and it's all because of us unhappy .10 ğŸ˜§
237,0,True unhappy ğŸ˜§
238,1,friendly reminder that you can enjoy a movie or television show without having to trash another happy ğŸ˜Š
239,0,I miss my baby unhappy .1 ğŸ˜§
240,0,Me too...I won't miss the HGVs going past our house though. It was a nice looking building - had initiall
241,0,My mom knows the struggle of this drystreak I'm on unhappy ğŸ˜§
242,0,Definitely my arms unhappy .8 ğŸ˜§
243,1,I can't wait to actually see a copy smile ğŸ˜­
244,1,my friend is such an egg
245,1,much appreciated happy (Want this for It's Magical! ğŸ˜Š
246,1,Released my 3rd episode of programming for everyone! Be sure to check it out happy ğŸ˜Š
247,0,I ordered car yesterday
248,1,if you follow and DM us we will be able to assist you. Chris happy ğŸ˜Š
249,1,i don%27t know he looks so cool crying with joy ğŸ˜†
250,1,Go back to school for music! I think I will in time happy.2
251,1,thanks for the recent follow.1
252,0,Roc Boyz sad .1 ğŸ˜”
253,0,if i get 900 retweets and 900 likes. help me ğŸ˜§ un.2
254,1,new video out today happy ğŸ˜Š
255,0,Maa ki kuss tumhari. Now take this bullshit you loser.
256,1,rt for 13 ffs-it's not much but they're free-legit-free but follow me first to get them quicker-be patient i will g.1
257,0,Streaming later in the day (night stream) since i have to go and take care of the internet contract
258,0,all ready for its poster - when my computer gets
259,0,3. That's a lot cheaper and easier than make your own. My schematic needs special cables that doesn't come easy. unhappy ğŸ˜§
260,0,Hey guys could you help me by retweeting this? I've heard was legitimate and I really need a VPN account rig
261,0,Swear I just walked past haha
262,0,come to Miami sad ğŸ˜”
263,0,A year ago today is the last time Sakho played for us unhappy ğŸ˜§
264,1,opera Nirjhor As long as they are not claiming to be the first one ğŸ˜„ /Rosi
265,0,suuuuuuuuss scared crying ğŸ˜†
266,0,SO PRECIOUS I REALLY MISS HIM unhappy .2 ğŸ˜§
267,1,big love for Anne cox happy ğŸ˜ ğŸ˜Š
268,1,.NOTHING CHANGED BUT THE DATE .. APRIL 28 MAKE S
269,0,sorry guys unhappy ğŸ˜§
270,1,Beetle done and joins Wall-E
271,0,Ps4 mate
272,1,New Upcoming Heroes REVEALED! WUKONG
273,1,From soup and sandwiches to slow cooked pork
274,0,never mind Khushi
275,0,only take season 9 off
276,1,i think instant message meant to stay single and fix people's relationships my entire life smile ğŸ˜­
277,1,Thanks for the recent follow Happy to connect happy have a great Thursday. Want this ?.2 ğŸ˜Š
278,0,Looks awesome Annette
279,1,Sydney tomorrow
280,0,Definitely my arms unhappy .14 ğŸ˜§
281,1,Merry Christmas everyone happy ğŸ˜Š
282,0,My knee is similar colour to leny Henry's unhappy ğŸ˜§
283,0,Hi Julie
284,0,One year ago today unhappy .1 ğŸ˜§
285,1,or SHIT for short ğŸ˜Š *Thanks to my friend maddy over at
286,1,Goals of 2017: Become apart of with and Lose 50 LBSStart Youtube happy ğŸ˜Š
287,0,Golly gosh. This is simply dreadful What havoc must be wreaking subsurface? Black salve won't
288,1,Same happy I'll see closer to the con but it's no more than five or so. Lol same ğŸ˜„ ğŸ˜Š
289,0,We'd love to ğŸ˜
290,0,and have fun
291,0,Roc Boyz sad .2 ğŸ˜”
292,1,Soon I'll make arts happy ğŸ˜Š
293,1,only way to make sense of those crazy edge cases is the idea of sharing revenue was offensive
294,0,#NAME?
295,1,I just wanted to say thank you for following me
296,1,Superstar thanks so much for the kind words! Look forward to seeing you soon buddy smile.1
297,1,C'mon Tweeps
298,1,Good morning every one.1
299,0,Definitely my arms unhappy .10 ğŸ˜§
300,1,just me killin time to say hey! ğŸ˜„
301,0,2010 Week 11
302,1,class hall missions and heroic dungeons surprised ğŸ˜„
303,1,Maayos didn%27t ang lahat happy lets give him a space and time happy ğŸ˜Š ğŸ˜Š
304,0,Baaaper unhappy ğŸ˜§
305,0,last night I had a dream in which I moved to Japan and just so happened to see you! You denied my friendlies request. unhappy ğŸ˜§
306,1,Thanks smile much better today and thanks for the message. ğŸ˜­
307,1,Good evening happy.1
308,1,Does not matter
309,1,This is why I made the video about improving your line work on YouTube
310,1,Another great day out in Westhoughton
311,1,Order what ever you want to eat through our website.May you all have a great day happy.1
312,0,One table last night told me I look like a graceful ballerina gliding through tables- then another told me I looked like a flash dancer unhappy ğŸ˜§
313,0,I honestly think that their just trying to get rid of me and make a mockery out of me in my Town because i just wont admit it. unhappy ğŸ˜§
314,0,mannn
315,0,All my irls are coming at me because I meet the boys too much and I don't deserve any of it unhappy ğŸ˜§
316,1,Stats for the week have arrived. 1 new follower and NO unfollowers happy via.2 ğŸ˜Š
317,1,Thanks for the recent follow Happy to connect happy have a great Thursday..13 ğŸ˜Š
318,0,for some reason last.fm unlinks from spotify and i miss like a month of scrobbles before i notice unhappy ğŸ˜§
319,1,this worked out beautifully. If you redesign the import page to suit the whole application would mak
320,1,LADIES! - tell me why yoyoyou don't play golf. What wyoyoyoud make yoyoyou want to play? Top 3 reasons yoyoyou DO play? heyjyoyoyoude66info
321,0,Definitely my arms unhappy .15 ğŸ˜§
322,1,First happy ğŸ˜Š
323,0,we left it all unspoken
324,0,We lost: at Jacksonville
325,1,Thanks for the recent follow Happy to connect happy have a great Thursday..12 ğŸ˜Š
326,0,freebet any sport except total mkets on handball
327,0,The one on the left? I couldn't see it unhappy ğŸ˜§
328,1,Morning
329,1,I second that! Thanks for the spin. Very much appreciated. happy ğŸ˜Š
330,1,Order what ever you want to eat through our website.May you all have a great day happy.3
331,1,Unnamed: 582
332,0,Becoz if we will depend on your promoting its waste of hardwork to all team who
333,1,Hi Kylie
334,0,No one is offering this poor old lady a seat unhappy ğŸ˜§
335,0,I'm all fucked up right now unhappy ğŸ˜§
336,1,Love this!
337,0,I cried so much
338,1,Another great song Have a listen. Its good! You may well like it happy.1
339,0,I liked a video
340,0,When your online crush comes to the meet-up without their Snapchat filter unhappy .3 ğŸ˜§
341,0,but why? unhappy ğŸ˜§
342,0,[thinks about how tfp soundwave is forever trapped in the void realm] unhappy ğŸ˜§
343,1,she might have dressed a bit better.
344,0,jyoustinbieber can you please follow me on daianeryoufato i've been trying for too long unhappy i love you so much baby! xx (April 20 ğŸ˜§ ğŸ˜
345,1,your an inspiration to everyone Miss Jones happy ğŸ˜Š
346,1,With the help of made these sent starters for P1Q3. Open to suggestions on how to improve happy ğŸ˜Š
347,1,pretty happy ğŸ˜Š
348,1,Good luck happy ğŸ˜Š
349,0,yes jenniessi?
350,0,Cleantha
351,1,If you want a friend in Washington
352,0,this is jimin to yoongi unhappy .3 ğŸ˜§
353,1,Bill Nye Answers Science Questions From Twitter | WIRED
354,0,It's hard to imagine anyone but Robin unhappy but still exciting nonetheless ğŸ˜§
355,1,Maybe I do
356,0,Hey screenshot sainyo . Hmm tumagal sana us . Stay what uu are . Im always here fr uu no matter what . Luv uu so mats
357,1,Sure do! happy ğŸ˜Š
358,0,but in reality they're just patches of dusty dirt unhappy ğŸ˜§
359,0,U4v9rr I wish I had noted the gentleman's name unhappy but if you find out who he is ğŸ˜§
360,0,ikr!! unhappy oki welcome sam ğŸ˜§
361,0,Today is 4-20 which is Hitler's birthday unhappy ğŸ˜§
362,1,Thanks for your feedback! It' just the starting phase
363,1,Keep
364,0,sometimes at night i feel scared and vulnerable crying ğŸ˜†
365,0,First round exit in 15 minutes followed by 45 of tech crying unhappy ğŸ˜† ğŸ˜§
366,0,Goodnight princess
367,1,Surround yourself with positivity happy.1
368,0,it's Adore you
369,1,So Happy It's Thursday*
370,0,no one is selling vhope banners what? sad ğŸ˜”
371,1,Thank you happy.1
372,0,Okay lang friend promise meant to be broken =( HAHAHAHA
373,0,Being a parent is very challenging. If we cannot control ourselves we'll give the worst output to the children In other word
374,1,plus I want to win that Merc C63 silence Sooo! happy ğŸ˜Š
375,1,In class and I'm really bored so why not happy Rt for one!! Mutuals non mutuals Pls don't let me flop ;-; ğŸ˜Š
376,0,Too bad i can't watch it unhappy that cake is cute and looks delicious ğŸ˜§
377,1,Thanks for the recent follow Happy to connect happy have a great Thursday..23 ğŸ˜Š
378,1,Make them feel that you are there to listen to their problems
379,1,chaged for the best for our Singto. Please
380,1,I had all and then most of you
381,0,I miss London already unhappy ğŸ˜§
382,0,mom please stop making cookies
383,1,you'll be see.1
384,0,pake unhappy ğŸ˜§
385,0,how come i didn't get a reminder email this month unhappy ğŸ˜§
386,1,Congrats on your ğŸ˜„
387,0,yoongi come back unhappy ğŸ˜§
388,1,Seokjinie went to Everland today~ I guess he forgot that he's an idol.1
389,1,19 days of school left happy ğŸ˜Š
390,1,rather
391,1,I used to like my neighbours
392,1,Issa Throwback. happy ğŸ˜Š
393,1,Right I seriously need a decent Butterfly Tattoo design
394,1,If school has taught us anything
395,0,they would have sustained their fame if they did unhappy ğŸ˜§
396,0,#NAME?.2
397,1,much appreciated happy Want this ğŸ˜Š
398,1,er
399,0,pamura isa because in this very moment
400,0,Not surprised that I have the least amount of followers out of the whole cast sad LOL ğŸ˜”
401,1,comforting London fog.
402,1,keep smiling happy.1
403,1,Go back to school for music! I think I will in time happy.1
404,0,instant message still hoping unhappy .1 ğŸ˜§
405,1,i was telling you to read a book today. knowledge is power. knowledge is growth. kee
406,0,this is damn.... theres people who sincerely want to attend BH birthday party but bcs of those people who try for fun make them ca.11
407,1,A little bit overdramatic death happy ğŸ˜Š
408,0,help me too unhappy as an early birthday gift huhu ğŸ˜§
409,0,watchman comes and threatens me
410,1,hey
411,0,now I need a different pinned tweet unhappy ğŸ˜§
412,1,Watch this MayWard Fam!
413,1,I hit that
414,1,lips though
415,1,this isn't
416,0,Oh boo
417,0,beauty
418,1,20% off all Knight Day Jewellery ends this Sunday-Why not pick up something nice for
419,0,this is damn.... theres people who sincerely want to attend BH birthday party but bcs of those people who try for fun make them ca.2
420,0,good morning i had a nightmare and i'm still wondering why maddie hates me. this is only the beginning of the day unhappy ğŸ˜§
421,0,Definitely my arms unhappy .4 ğŸ˜§
422,0,my puppies deserves all better unhappy .2 ğŸ˜§
423,0,Nick? Might he deliver WHEN the time demands it. Story of his life -
424,0,today hasn't been great unhappy ğŸ˜§
425,1,Thanks for connecting We are passionate about - hope you like our tweets happy.1
426,0,I hate throwing up unhappy ğŸ˜§
427,1,Many thanks
428,1,thanks for the recent follow
429,1,clauditte
430,0,You can have mine and I'll take the iPhone. I'm switching back when my contract is up... in a year and a half unhappy ğŸ˜§
431,1,and I suspect you will be one of the few who would get it happy ğŸ˜Š
432,0,Definitely my arms unhappy .3 ğŸ˜§
433,1,And that's what's important! happy that's what I'm trying to remember. ğŸ˜Š
434,1,thanks for the recent follow.4
435,0,I miss Jamie boy and we're both sick unhappy ğŸ˜§
436,1,We bought a 523 litre fridge. I am applying for cold storage license in Bhayander West ğŸ˜„
437,0,Omg I see why you don't drink alcohol Haha so glad your having fun all you guys ! Wish I
438,0,wowwow these are all so cute unhappy i wantt .1 ğŸ˜§
439,0,this is jimin to yoongi unhappy .4 ğŸ˜§
440,1,kind of like my layout happy ğŸ˜Š
441,0,oh my god what the heck i'm so sorry! this was one of my favorites as well unhappy ğŸ˜§
442,0,i think that's going to be true
443,1,We don%27t spam him in any way
444,0,let alone for free!)
445,0,Been streaminuteg for 45 minute not understanding a thing and still.. unhappy ğŸ˜§
446,0,we can get pork katsudon at Tokyo Diner! Tho it doesn't have egg in it unhappy ğŸ˜§
447,1,THANK YOU happy ğŸ˜Š
448,0,this is damn.... theres people who sincerely want to attend BH birthday party but bcs of those people who try for fun make them ca.9
449,0,Zabardast
450,0,this is damn.... theres people who sincerely want to attend BH birthday party but bcs of those people who try for fun make them ca.5
451,1,Happy birthday
452,1,i love him crying with joy ğŸ˜ ğŸ˜†
453,1,IF THE BELOW TWEET HITS 1000 IS GETTING RIAN HOLDING THE STICKER TOO!!! Click the below tweet SM
454,1,Die evil raven! ğŸ˜„
455,0,Bantay? unhappy ğŸ˜§
456,1,me everything and anything these days
457,0,jungkook looks like he gives the biggest and warmest hugs unhappy ğŸ˜§
458,0,He's not beating the two favourites here anyway so I'll stop caring about this match
459,0,the new one just seems a bit unstable unhappy ğŸ˜§
460,0,come back callie gabbie d ghost unhappy i love you both ğŸ˜§ ğŸ˜
461,0,this wasnt meant to sound ano sad ğŸ˜”
462,0,ahhh I'd be well chuffed
463,0,Lage unhappy ğŸ˜§
464,1,Thanks for up-voting us on PH happy.1
465,0,Who got to pen today man crying ğŸ˜†
466,0,this is damn.... theres people who sincerely want to attend BH birthday party but bcs of those people who try for fun make them ca
467,0,this is damn.... theres people who sincerely want to attend BH birthday party but bcs of those people who try for fun make them ca.14
468,1,The video will definitely be a 30 minute episode if not longer.
469,1,retweet this tweet if you want your to be included in the nhc scrapbook!! i'll be making something out of all of the usern
470,1,Client work for rt and favorite happy.1
471,0,Who's that chair you're sitting in? Is this how I find out. Everyone knows now. You've shamed me in pu
472,1,Get this to 150!!
473,1,Hey thanks for being top new followers this week! Much appreciated happy.1
474,1,Thanks for the recent follow Happy to connect happy have a great Thursday. Want this ?.4 ğŸ˜Š
475,1,Thanks for the recent follow Happy to connect happy have a great Thursday..19 ğŸ˜Š
476,0,[PLEASE RT] he'll buy me a blinking taehyung headband
477,1,Share the love: thanks for being top new followers this week happy.1
478,1,vocal coach IG post:
479,1,we finally got jinyoung to wipe it for jaebum himself but their precious son blocks it for the world to witness it.1
480,0,i miss minmin crying ğŸ˜†
481,0,when will you go here in batangas? sad ğŸ˜”
482,1,Hello everyone.1
483,1,Seokjinie went to Everland today~ I guess he forgot that he's an idol
484,0,Scout photobombed my bluebells photo sad ğŸ˜”
485,1,and mag refer kana rin sakanila nice game
486,1,I had that down south and had no issues
487,1,That would be a great trick happy.5
488,0,Definitely my arms unhappy .13 ğŸ˜§
489,1,One of our fleet is solely seeharged by domestisee hydro Toro see
490,0,That makes me sad. unhappy I wasn't friends with her like you ğŸ˜§
491,1,who knows ğŸ˜„
492,1,Share the love - High Value Members of this week happy (insight by ğŸ˜ ğŸ˜Š
493,0,Sooooo feels like a Friday today unhappy ğŸ˜§
494,1,instant message perfectly fine ğŸ˜„ how about you fellow ken
495,0,Damn you both
496,1,30 likes?} hehe
497,0,you might set the whole place on fire.
498,1,i was telling you to read a book today. knowledge is power. knowledge is growth. kee.1
499,1,Hi KN fans! happy ğŸ˜Š
500,0,I WAITED FOR U unhappy ğŸ˜§
501,0,Louis_Tomlinson follow me please? unhappy ğŸ˜§
502,0,I woke up at 4:17
503,1,I love it when pretty girls call me pretty like bitch tf you too happy let's be friends ğŸ˜ ğŸ˜Š
504,1,if anyone has got a design or could find me one I would be so grateful to you ğŸ˜„
505,1,Naila Raheem is now following me on Twitter!
506,0,did some warm up sketches of some of my faves
507,0,Feeling so shit today unhappy ğŸ˜§
508,1,Who wants some good vibes? Watch this on YouTube or TV100 application now for FREE happy.1
509,0,2017 at 08:45AM)
510,0,I suddenly miss you ate unhappy ğŸ˜§
511,1,you also support each other! AN
512,0,Che no critiques. unhappy ğŸ˜§
513,0,I think that's one of the hottest part of your body
514,1,Hellooo.. happy Lil strait (Daddyy_rat) ğŸ˜Š
515,0,got to aksis 2nd part and have a CP for him but have never completed it since return on investment dropped laughing out loud unhappy ğŸ˜§
516,0,Aseek
517,1,going to go meet andrew for lunch now but i'll be back at to or to :30
518,1,Thanks for the recent follow Happy to connect happy have a great Thursday. Want it.2 ğŸ˜Š
519,1,there're time shinhwa do/did something
520,0,oh shiiiiid noooooor unhappy ğŸ˜§
521,1,you can get a professional one here
522,1,looking forward to you visiting! You've picked a great day too
523,0,I'm aborting mission now have a nice day though x
524,0,Autograph book at the ready
525,1,lolo bin are you fucking mental screenshot ğŸ˜„ HAHA
526,1,Share the love: thanks for being top new followers this week happy.2
527,1,i wasn't saying i read a book today
528,0,Haven't played FM in a long time. I really should. unhappy ğŸ˜§
529,0,My salary reminds me of the weekends
530,0,i want harry's phonecase sad ğŸ˜”
531,1,Myth is a good Team
532,0,I understand that look sad ğŸ˜”
533,1,Congratulations very impressive happy ğŸ˜Š
534,1,What a sad life it must be ğŸ˜”
535,0,Definitely my arms unhappy .5 ğŸ˜§
536,1,went to work.Don't get too excited
537,1,well..human. That's all i
538,1,Thank you crew happy.4
539,1,Hi Guys
540,0,sorry unhappy i just need sex for the time being ğŸ˜§
541,1,HAPPY BIRTHDAY To the cyoutest/fyounniest a d you l t I know :')Have a good day Coreo Boreo
542,1,especially for people who have low patience level happy ğŸ˜Š
543,1,Thanks for the recent follow Happy to connect happy have a great Thursday..22 ğŸ˜Š
544,0,flavorful dream
545,1,Still live!
546,1,I'm on a road with no destination . I'm just driving with a hope to find some place I like and stay there
547,1,Nothing is ever as it seems. What looks bad today
548,0,I'm so tired unhappy ğŸ˜§
549,1,Haha thanks fansnim! happy ğŸ˜Š
550,0,i really feel for that lamp unhappy ğŸ˜§
551,0,Guess who's not getting a unicorn frappuccino because they're sold out unhappy ğŸ˜§
552,1,Thank you crew happy.3
553,1,Come volunteer at The Abbeydale Picture House! Next Wednesday...
554,1,No stress Mariana
555,0,I feel like the 'only environments disable people' argument actually excludes many disabled people
556,1,your birthday isn't for another for hours for me
557,0,sounds family
558,1,Hello 1372 followers - thank you so much for following! Will love to read your Tweets happy Want this ? ğŸ˜ ğŸ˜Š
559,1,look how big I've become!
560,1,Unnamed: 223
561,1,fitness
562,1,Happy 420 everyone happy ğŸ˜Š
563,0,4/20 today
564,0,baby unhappy (bett ğŸ˜§
565,0,One of my faves too unhappy I'm tying to get it up on Vimeo so you guys can still watch it x ğŸ˜§
566,0,this is damn.... theres people who sincerely want to attend BH birthday party but bcs of those people who try for fun make them ca.4
567,1,we will be never ready actually happy idhuellam dialogue ku dhan othu varum.. ğŸ˜Š
568,1,Tara
569,0,this is damn.... theres people who sincerely want to attend BH birthday party but bcs of those people who try for fun make them ca.15
570,1,Hellooo happy Jackatkinson (jackat13) ğŸ˜Š
571,1,TICKETS AVAILABLE NOW for The 401 Festival of Running 2017
572,0,For those asking
573,0,i miss them already unhappy ğŸ˜§
574,1,Good luck to Rich riding for great project in this Sunday. Can you donate?.1
575,0,it's just got 3 years longer unhappy ğŸ˜§
576,1,Cpl Swallows just gone over the house. Heard them whilst flying my drone.. happy ğŸ˜Š
577,1,SAP did you also use
578,1,Nice gif happy ğŸ˜Š
579,0,22 is old unhappy ğŸ˜§
580,1,Thanks for the recent follow Happy to connect happy have a great Thursday..15 ğŸ˜Š
581,1,Hi
582,1,Well.1
583,1,pips singing let it snow crying with joy ğŸ˜†
584,1,Shihaaaa help me on my bishie hunttt equals ^ equals )
585,1,you'll be see
586,0,Time just flies
587,1,for trade ? happy what yeah want ? ğŸ˜Š
588,1,keep being you
589,0,it's $10 but also free postage. i wish the seller had yanan and yeo one too. unhappy ğŸ˜§
590,0,I miss you Levi unhappy ğŸ˜§
591,1,Hey thanks for being top new followers this week! Much appreciated happy.2
592,1,Annapurna studios production no.29 on floors tomorrow. In this heat we are going to turn on the heat happy can't expre ğŸ˜Š
593,0,Koalas are dying of thirst and it's all because of us unhappy .9 ğŸ˜§
594,0,I need lessons to learn how to start conversations with people and keep chatting with them unhappy ğŸ˜§
595,0,:^) hello
596,0,this song will always be one of my faves unhappy ğŸ˜§
597,0,Damn it isn't available here unhappy ğŸ˜§
598,0,SO PRECIOUS I REALLY MISS HIM unhappy ğŸ˜§
599,1,Ooh
600,1,I guess it's a good thing then to bring it right to the foreground and put it right in their face
601,0,I MISSED YOU A WHOLE LOT unhappy ğŸ˜§
602,0,and i would never forget about you!!
603,1,but Genix deserves so much more than Myth! Open your Eyes The Community want
604,1,A Chub bun because its Easter! Happy Easter! His name is Almond! :D.1
605,1,Facts About Parrots in Minecraft coming soon!! ğŸ˜„
606,1,we finally got jinyoung to wipe it for jaebum himself but their precious son blocks it for the world to witness it
607,0,Just please look at how scared and full of tence lauren's face is after tryin reaching camila's hand
608,1,We're you also at our signing session with Qian Liu Jared Wright after the last performance of Onegin? Share your
609,0,White genocide is not a thing. Its figment of your imagination. Youre a victim of nothing but disinformation.
610,0,one direction (band) whats going on unhappy ğŸ˜§
611,0,younhappy I'll keep it jyoust for you
612,1,papa bird? I hope year oldu don't mind? Because I want to stay with year old
613,0,don't rt to save a guy's life
614,0,Hi Aled
615,1,Yep I'm going back to school to become an editor hopefully. Can't wait! Your sister really believes in my skills happy ğŸ˜Š
616,0,and all the mobbing in Australia
617,1,I look good in blue happy ğŸ˜Š
618,0,Trying to get in touch with but their numbers appear to be down! unhappy ğŸ˜§
619,1,Sixth spot not applicable Team! Higher pa! ğŸ˜Š ğŸ˜˜ TheFashionIcon
620,0,Faltan Russel why Noodle unhappy ğŸ˜§
621,1,Oh
622,0,Dear attendees
623,1,Hey thanks for being top new followers this week! Much appreciated happy.3
624,0,yeah i am unhappy thank you so much my angel ğŸ˜§
625,0,seem I want to drop this account to wuhyungwon unhappy ğŸ˜§
626,0,Deep scratch ;_;All the paint is gone you see the bare metal. So it needs to be fixed to avoid getting a rusting car soon unhappy ğŸ˜§
627,0,but like HOW LONG IS A WHILE?! i didn't want him to be back but he puts me in such a good mood so i don't want him
628,0,I know how you feel
629,1,I really must go see Power Rangers again. smile ğŸ˜­
630,0,in fact.
631,1,Share the love: thanks for being top new followers this week happy Want it ğŸ˜Š
632,1,But I think you'll do better than me happy ğŸ˜Š
633,0,talking to my over driver about where I'm goinghe said he'd love to go to New York too but since Trump it's probably not.6 ğŸ˜
634,1,Exaseetly what's happening in TN Politisees. This is not to get BJP at all to TN. Game is different. Again.1
635,0,but what camera you shooting with
636,1,Someone asked me Hows life? I just smiled and replied
637,0,I miss talking to yoyoyou who are yoyou younhappy yoyou can always still talk to me
638,1,Good morning every one.2
639,1,Delma Hanville It's official we are connected on Twitter! Thank you for the follow. Please don't ever Let It Go! happy ğŸ˜Š
640,1,rt for 13 ffs-it's not much but they're free-legit-free but follow me first to get them quicker-be patient i will g
641,0,unhappy oh man.. ğŸ˜§
642,0,I sincerely hope not too many priceless antiques were destroyed. Reg
643,1,Jamie. Passion + perseverance equals two of the not-so-secret ingredients in the secret sauce of success happy ğŸ˜Š
644,1,Thanks for the retweets this week. Much appreciated happy Want this? It's FREE! ğŸ˜Š
645,1,Thanks for the recent follow Happy to connect happy have a great Thursday..14 ğŸ˜Š
646,0,I miss it already unhappy ğŸ˜§
647,0,i miss jihoon sad .1 ğŸ˜”
648,1,Gourmet chocolates are special and should be reserved for special occasions. Plain MMs
649,0,Oh well never liked Clay anyway unhappy ğŸ˜§
650,1,That would be a great trick happy.4
651,1,if josie
652,1,Hellooo.. happy satans-daughter (taylynnox) ğŸ˜Š
653,0,Umma why you do this crying ğŸ˜†
654,0,Andy unhappy ğŸ˜§
655,1,SONE who cant stream at Genie!You CAN stream for TY at Genie! We are still sharing some Genie IDs. If you want it.1
656,1,I'm a Japanese Directioner ğŸ˜„
657,1,will miss it but I'm on an open education seminar in Palestine happy ğŸ˜Š
658,1,Good morning every one.3
659,0,I face swapped a cat with a dog and it's really upsetting unhappy .4 ğŸ˜§
660,0,Koalas are dying of thirst and it's all because of us unhappy .7 ğŸ˜§
661,1,i got goosebumps
662,0,please do commend him. H
663,0,SO PRECIOUS I REALLY MISS HIM unhappy .1 ğŸ˜§
664,1,have a great Thursday! Looking forward to reading your tweets happy Want this ğŸ˜Š
665,0,U GUYS ARE NOT NOTICING ME unhappy ğŸ˜§
666,0,what if the one direction (band) itself is the one who's giving up? unhappy .1 ğŸ˜§
667,0,I have to wake up at 4:30 tomorrow so my body's gotten a head start by waking up at 4:30 every day this week unhappy ğŸ˜§
668,1,Well
669,0,I know I'm not ready to say goodbye unhappy So ğŸ˜§
670,1,This is great to hear Joanna! happy We're so pleased you've had a good experience. ğŸ˜Š
671,1,Top retweeters this week
672,0,what if the one direction (band) itself is the one who's giving up? unhappy ğŸ˜§
673,1,There're time we shcj do/did something that dissapointed ot6
674,0,Yeah! My sight reading was pretty good in high school.1
675,1,I check Beautiful News every single day
676,0,but no sign.
677,1,I'm sorry but people have to make a living happy ğŸ˜Š
678,1,check her AS:
679,1,Kiera's Quest: Awakenings (Kiera's Quest Book 1)
680,1,Wow
681,1,Playoffs rematch complete! Feels good going to worlds again ğŸ˜„
682,0,Thanks for that! Little things like that really help when sleep starts hitting and you don't drink coffee or energy drinks unhappy ğŸ˜§
683,0,This picture makes me sad unhappy ğŸ˜” ğŸ˜§
684,1,Just win at weekend and it will be a late gift
685,0,aando uandhappy i googled it the other day to read the meandu agaiand and it said it was a hoax
686,1,online shopping timmeee. anyone got good site suggestions? happy ğŸ˜Š
687,0,Nooo your hair color is pretty .1
688,1,made dinner for two tonight happy.1
689,1,FAT ASS GIRL FAT FETISH760 HOT VIDEOS ONLINE
690,0,Who hacked me unhappy ğŸ˜§
691,0,can't wait to see you in that film Karl! I wished you would be here were I'm bu
692,0,A fish killer going to be pressed younhappy I the hoe of today you were a GOOD person
693,1,I'll like her happy ğŸ˜Š
694,0,#NAME?.1
695,1,The best community gathering coming up! We're full
696,0,unhappy sure ğŸ˜§
697,1,Thanks for being top engaged community members this week happy Want this ğŸ˜Š
698,0,Hitches Ride For Final unhappy ğŸ˜§
699,1,Join us this Saturday to celebrate our Earth by planting seedings! Head to our FB page for more information. happy ğŸ˜Š
700,1,as long as she's cool
701,0,It was not your fault
702,1,.Thanks so much for the RT
703,0,Dammit the effect of the linearts doesn't show so nicely on twitter unhappy ğŸ˜§
704,1,Exaseetly what's happening in TN Politisees. This is not to get BJP at all to TN. Game is different. Again
705,1,Pls RT[NCT FIC] Love Song
706,0,77 ? Old Leyland
707,1,Pfft- crying with joy Oh.. I hope year oldu're okay ğŸ˜†
708,1,year old i am commenting on all the new ladylike videos. trust me. not a troll
709,0,Lets hope a VIP does this good deed. I want to watch this too . They shouldn't have done thi
710,1,Thanks for the recent follow Happy to connect happy have a great Thursday..21 ğŸ˜Š
711,0,Ye... I will miss you unhappy ğŸ˜§
712,0,So I may be one of those workers who are not properly compensated unhappy ğŸ˜§
713,1,congrats! ğŸ˜„
714,1,If you're a CHAMPION
715,0,Roc Boyz sad ğŸ˜”
716,0,talking to my over driver about where I'm goinghe said he'd love to go to New York too but since Trump it's probably not.5 ğŸ˜
717,0,WUUT SERIOUSLY?
718,0,Guys please help I tried to smoke some lettuce earlier but now my salad is ruined unhappy ğŸ˜§
719,0,Oh no unhappy ğŸ˜§
720,0,Sorry I didn't make it to the book drive yesterday couldn't get outta work unhappy ğŸ˜§
721,0,Miss my friends unhappy ğŸ˜§
722,0,this is jimin to yoongi unhappy .2 ğŸ˜§
723,0,aww eunji didnt see win today sad but congratulations to winner !!!! ğŸ˜”
724,1,What texts are you doing? happy I've got the same issue! ğŸ˜Š
725,1,positive and loving always happy ğŸ˜Š
726,1,Stats for the day have arrived. 1 new follower and NO unfollowers happy via.2 ğŸ˜Š
727,1,find out more and sign up at
728,0,Don't ask. Two special issues lined up. unhappy ğŸ˜§
729,1,please! :D| KenBie
730,1,Thank you crew happy.2
731,0,Annoyingly the spaces in the variable width version of the C64 font that's available on the internet are wi
732,1,Great to work with you too such a lovely place! Thank you for havin
733,1,There was nothing religious in it. is calling out sexism. I don't think I need to spell out my stand
734,0,Hey Tony
735,1,Tell us about happy ğŸ˜Š
736,0,Definitely my arms unhappy .7 ğŸ˜§
737,0,this is jimin to yoongi unhappy .7 ğŸ˜§
738,1,Another day! Good morning!! It's April 20
739,1,Great night! Hope you enjoyed the strip club after happy Thx for photo ğŸ˜Š
740,0,Pierces like a bitch unhappy ğŸ˜§
741,0,Goodmorning!! My Parents are taking kids for lunch today- they are off school-Report Card! I'm wor
742,0,I seriously thought that Coldplay was going to be band like Depeche Mode or U2
743,1,I hate people who steal my ideas
744,0,I WAITED FOR YOU unhappy ğŸ˜§
745,1,Veronice and Jughead! happy.1
746,1,I'd say ğŸ˜„
747,0,basketball etc theyre all restrict.Threw
748,0,sob. unhappy ğŸ˜§
749,1,Can you guys make the Japanese Greninja's and Waveguider come as well? happy ğŸ˜Š
750,1,Are you also attractive to Liza Soberano? happy ğŸ˜Š
751,0,Never want to finish desperate housewives what will I do with my life unhappy ğŸ˜§
752,1,please let me meet taehyung hiks crying with joy really hope i could win.This is my first cover ğŸ˜†
753,0,Pozuelo (formerly of Swans) and Suso (Liverpool now AC)
754,1,getting 70k
755,1,Update: I got in ğŸ˜„
756,0,Preacher...... unhappy ğŸ˜§
757,1,friendly service
758,0,Peacefully sitting here reading my book after work
759,0,soph please don%27t win again unhappy jk.. good luck i think you will draw a good poster ğŸ˜§
760,1,Teaser coming out today at 4pm!Story
761,1,An inspiration in all aspects: Fashion
762,0,Claaaaaaaaaaaaasse !
763,0,why can't dogs just live forever unhappy ğŸ˜§
764,0,One year ago today unhappy ğŸ˜§
765,1,=Thumbnail UHC= This is my best render ever :Dand Favs are appreciated brosOpinios ?
766,0,Is that store still in use? If so
767,0,i left my headphones at home unhappy kms ğŸ˜§
768,0,the application is Kana Kanji Funtime! Sadly
769,0,lexxxxxy unhappy youre too nice to me instant message really not eek ğŸ˜§
770,0,but customs mean we can't send food abroad unhappy We do hope your other Birthday dreams come true ğŸ˜§
771,0,Rl? Serius?
772,1,this looks awesome! Id love to see a VN like this ğŸ˜„ ğŸ˜
773,0,he could be whatever
774,0,And you're right about McConnell as well. Unfortunately
775,0,I need cheering up
776,0,how to be you piss off crying 3 ğŸ˜†
777,1,Wow! My friend Dara shared this from her hubby!!! He looks TERRIFIC. ğŸ˜Š Order YOURS here -
778,1,this is the main reason I drink Total selflessness ğŸ˜„
779,0,at least it's not 80 cad like here unhappy (90 cad with Quebec taxes) ğŸ˜§
780,0,Hi Mahima! We share your concern unhappy Please DM us your contact details so that we can get in touch for a detailed.. cont1 ğŸ˜§
781,0,Youngjae looked so sad in the video unhappy ğŸ˜” ğŸ˜§
782,0,Yeah did update to 16.04
783,1,Beautiful album from the greatest unsung guitar genius of our time - and I've met the great backstage
784,0,Speech-to-text doesnt understand my accent or Irish names unhappy ğŸ˜§
785,1,tonight 7pm
786,1,Go :*!!... I know you can do it..
787,1,A nice morning working from today. Lovely atmosphere
788,0,Think it would drive me mad once the synths and other robots turned up. unhappy ğŸ˜§
789,1,It's a very cute picture though ğŸ˜„
790,0,it's been so much fun and I absolutely love the kids!! Don't want it to be over so soon unhappy ğŸ˜ ğŸ˜§
791,0,Unnamed: 938
792,1,wifi
793,1,music and direction by of my favourites by
794,0,senior snaps are starting to get so senti aw unhappy ğŸ˜§
795,0,unhappy But if there'll be 1 Silver-that'd be him! ğŸ˜§
796,1,and totally of
797,1,Thanks for the recent follow Happy to connect happy have a great Thursday. Get this ğŸ˜Š
798,0,Q2 I'm not an MH healthcare professional. As much as I want to help I'm scared to death I might make the situation
799,0,Ah Baba no idea tori olorun. May I never be a victim of such case
800,1,And the website is down since long happy ğŸ˜Š
801,0,fuck get me followers unhappy my ratio is amazing ğŸ˜§
802,0,Used up a month's worth at Laugharne Weekend sad (no wi-fi in small Carmarthenshire towns ğŸ˜”
803,1,Hey
804,0,it kind of feels like a sunburight now right now sad someone please make the nobby things on glasses not slip ğŸ˜”
805,0,I'm just really soft spoken unhappy ğŸ˜§
806,0,Work at 7 this morning unhappy ğŸ˜§
807,0,buy or do anything that supports Canada until
808,0,red velvet too unhappy ğŸ˜§
809,1,PLEASE THIS BEAUTIFUL PRINCESS HAVE YOUR HELP
810,1,Mmmm... the blood of my enemies... happy ğŸ˜Š
811,0,we buried it alive and now it's screaming in my head crying ğŸ˜†
812,1,hey.1
813,0,Jyoust hyoug me
814,0,I wish I was meeting OA again unhappy ğŸ˜§
815,1,Yes
816,1,tonight 7pm.1
817,0,It seems they cost abut 40k a year? I'm paying half that for my full education and don't get treat
818,0,I'll check that out... I was excited about the backup singers but they were way too backup unhappy ğŸ˜§
819,1,Just delivered my Managing the Online Customer Journey keynote at the Autodesk Partner Event. Incredible event
820,1,ABC News got ahold of me and asked if they could use a few seconds of my coming out video for a transgender special this f
821,1,Thanks for the this week
822,1,hi cham
823,1,Hey thanks for being top High Value Members of last week
824,0,All of the park areas in Paris are marked as green on Google maps
825,1,The Bank Job
826,0,I miss the 7/27 costumes unhappy ğŸ˜§
827,1,all! I'm Roy Dahildahil
828,0,Youngjae during fansign on 04/10/17 constantly massaging his back. Clearly something wrong but pretended he was not
829,0,SURE NO PROB. ILABYU TOO
830,1,Congrats for 3M followers on Instagram! happy ğŸ˜Š
831,1,Your body hears everything your mind says. Be kind
832,0,Going to CA in July
833,0,A fish killer going to be pressed younhappy I the hoe of today you were a GOOD person .1
834,1,You may draw your conclusions from any deviation from that level either in the direction of therapy or prevention
835,0,I feel so awful today unhappy I don't want to go to my internship ğŸ˜§
836,1,You better check this out
837,0,sad I don't ğŸ˜”
838,0,Need your help guys crying ğŸ˜†
839,1,beautiful set
840,1,2nd Cousin Vlad !!!!! maybe thats a message from the Hockey G
841,1,DM us happy S.3 ğŸ˜Š
842,1,We've 80 so far in our collection of 150+! happy New gin menu coming soon as well! ğŸ˜Š
843,1,Hi Han
844,1,Awesome recommendation Jess! Listened to the
845,1,Nothing could be better happy.4
846,1,Sister cyril came to our school once happy ğŸ˜Š
847,1,Hey.1
848,0,I won't be on till later! unhappy ğŸ˜§
849,0,there's always shit like this. there's always people who are less deserving getting tickets
850,1,Agreed! I feel like I've skipped too many css/design fundamentals. I'm spending the next couple of
851,1,Thanks for the recent follow Happy to connect happy have a great Thursday..18 ğŸ˜Š
852,1,Thanks for sharing my iris photo. I really appreciate it smile ğŸ˜­
853,0,assumes Im outsider because of my
854,1,we just reply to his tweets?? Like all his other followers do.....This is pointless
855,0,Gorbachev done w/o fear. Thought bold enough to implement his vision on Damp Squib unhappy ğŸ˜§
856,0,PLAYMFS: need moodbooster juseyo unhappy jily_jelly ğŸ˜§
857,0,My husband has a family history with the mafia too but he doesn't know the stories sad ğŸ˜”
858,1,Thanks for the recent follow Happy to connect happy have a great Thursday. Want this.5 ğŸ˜Š
859,1,Feeling myself
860,0,this is damn.... theres people who sincerely want to attend BH birthday party but bcs of those people who try for fun make them ca.3
861,1,Our crazy EASTER! Our donkey is insane! Seriously crazy haha!
862,1,Nah over-rated happy x ğŸ˜Š
863,0,Someone should bring me breakfast to work unhappy ğŸ˜§
864,0,so sorry I havent been checking my tweets unhappy We are all here for you! ğŸ˜§
865,1,not being spe
866,0,i love you but I can%27t be arsed i don%27t know why people keep saying it unhappy ğŸ˜ ğŸ˜§
867,0,Crap. Hailie won't be there. She has a school game and won't make it to Middleburg in time unhappy ğŸ˜§
868,0,Still NO sign - it's a very small area ( Gardens ) and it would be very obvious sad quite a few eyes now ğŸ˜”
869,1,Ok. Just please read the replies on this....
870,0,they're like 90 calories per piece unhappy ğŸ˜§
871,0,the girl in front of me was
872,1,New twitter account piss off no idea MAJA SALVADOR is Follow not applicable guys happy ğŸ˜Š
873,1,it just proves me wrong in a matter of days happy fuck my life happy )) ğŸ˜Š ğŸ˜Š
874,0,That is super scary unhappy ğŸ˜§
875,0,most painful thing ever is having feelings for someone you can't be with .. unhappy ğŸ˜§
876,0,Russell my phone is just 10% is there a possibility or a chance that you would notice me? unhappy ğŸ˜§
877,1,Hey everyone me and Harry have just had pancakes and maple syrup for breakfast . Great way to start the day happy Miss you a ğŸ˜Š
878,0,I'm staying here in SA unhappy ğŸ˜§
879,0,MUZ U MORE
880,0,I can't do it all on my own. (See what I did there? )
881,0,trashing others and having a possee behind you boosts your ego
882,0,The biblical lectures are coming. More notification soon. Tomorrow
883,1,Love you too P!
884,0,But I'm lonely. unhappy ğŸ˜§
885,0,my boyfriend mad cute unhappy ğŸ˜§
886,0,Sorry for being tired on stream. Will get some sleep and try be more fun tomorrow. Just wasn't feeling it tonight guys. Not
887,0,Am away next Thursday unhappy the one after! ğŸ˜§
888,1,Superstar thanks so much for the kind words! Look forward to seeing you soon buddy smile.2
889,1,I write fiction. Some PR knob who writes sentence fragments on an iPad next to the Shoreditch House piss off
890,0,Guess who's not getting a unicorn frappuccino because they're sold out unhappy .1 ğŸ˜§
891,0,damn ify ate unhappy ğŸ˜§
892,1,If this gets 70rts I will giveaway 5 minecraft accounts and an origin account randomly to people who retw
893,0,mane has been amazing unhappy ğŸ˜§
894,1,Do you want me to follow you back? If you do this tweet and I will. happy only ğŸ˜Š
895,0,both look so so good at there current clubs. Shame they never cut it in the PL unhappy ğŸ˜§
896,1,Im getting one too smile smile smile smile ğŸ˜­ ğŸ˜­ ğŸ˜­ ğŸ˜­
897,0,oh noooo baby unhappy ğŸ˜§
898,1,i took a full drink into my uber; i guess you could say instant message pretty wild. These are the Tuesdays we'll never forget happy ğŸ˜Š
899,0,You deserve better . Hope you'll be okay unhappy ğŸ˜§
900,0,Why am I better at pen then pencil?dafaqcomonI just want to be a good drawer unhappy ğŸ˜§
901,1,That would be a great trick happy.3
902,0,I want to give him everything that makes him happy just to see this smile unhappy ğŸ˜Š ğŸ˜­ ğŸ˜§
903,1,You say VUCA
904,0,where's justin i miss him unhappy ğŸ˜§
905,1,AVI for my man ğŸ˜Š Phone made like always ;).1
906,0,Shameful
907,1,i wasn't saying i read a book today.1
908,1,Currently standing outside the shard with a bag full of empty bottles because I came to work with tom today happy ğŸ˜Š
909,0,this is jimin to yoongi unhappy .6 ğŸ˜§
910,0,i'll try sad and yes i am unhappy ğŸ˜” ğŸ˜§
911,0,Hi! We tried to call your number but got no response unhappy Please share another suitable time and an alternate number for.. cont1 ğŸ˜§
912,0,how about me bes jup unhappy ğŸ˜§
913,1,The one with backward cap
914,1,Just wandering around
915,0,can just see the edge creeping in unhappy ğŸ˜§
916,1,Byron in 3 weeks
917,1,Gamer Follow Train!Follow MeRetweet thisFollow all who retweetedGain active followers happy 450 ğŸ˜Š
918,0,I do it for 5/6 times a week leh sad and yes closing is damn fuck opening so much better ğŸ˜”
919,0,My heart hurts. sad I hate people ğŸ˜”
920,1,coming soon to a screen near you.
921,0,Yesterday's faci so cute! But he 30+ ğŸ˜§ Today's faci is old eeyer
922,1,#NAME?
923,1,But
924,1,Thanks for the recent follow Happy to connect happy have a great Thursday..16 ğŸ˜Š
925,0,DONT LAUGH unhappy MEANIE BASE ğŸ˜§
926,0,NOOOO in here is 6.45 ;_; I have classes at that time unhappy ğŸ˜§
927,0,this is damn.... theres people who sincerely want to attend BH birthday party but bcs of those people who try for fun make them ca.8
928,1,you know what i think? you look exceptional for a new Mum
929,0,resolve is sooo slow on my laptop
930,1,Did you go all the way to Keem? Have you been up Minaun? That's a good one if you are into extreme driving today smile ğŸ˜­
931,1,Thanks for the recent follow Happy to connect happy have a great Thursday. Want this ?.1 ğŸ˜Š
932,0,Definitely my arms unhappy .9 ğŸ˜§
933,1,a friend who would like a BRAND NEW Strapback hats only 14.99 at
934,0,Don't be buffalo unhappy ğŸ˜§
935,0,Thank you unhappy i need a certificate signed from God ğŸ˜§
936,1,Watch your words happy ğŸ˜Š
937,0,i love when people or message me w long messages about how beautiful they find joon like unhappy yes i agree keep going ğŸ˜ ğŸ˜§
938,0,HOLY SHIT! 40 pages script of the opening scene of Man Of Steel on Krypton got compressed.I wish I could at least
939,1,see the next tweet! I did about 5 different things while keeping very calm
940,1,good
941,1,Mummy
942,1,and still not being rich - try getting a life
943,1,Here is the link for Seventeen's Yokohama Concert with English subs ğŸ˜Š DDL:
944,0,Would really like it if the coandsole versioands and got the update to makr it like the Steam versioand. =(
945,1,Not really I am a Labour supporter and am actually quite glad happy I mean how much did he claim in 2009 fuck off ğŸ˜Š
946,0,Mine hasn't been sending stuff unhappy ğŸ˜§
947,0,koh
948,1,the displayport to HDMI turned up so we back on to screens o/ 5 days to get the dual PC stream setup sorted (lol) ğŸ˜„
949,0,wish i had someone to cuddle me right now unhappy ğŸ˜§
950,0,[PLEASE RT] he'll buy me a blinking taehyung headband.1
951,0,My boo))):
952,1,As the last event for chapter 1
953,0,unfortunately
954,1,Please
955,0,I just told them to bugger off and hung up! They waned access to my pc. If they phoned someone like my Gran
956,0,Koalas are dying of thirst and it's all because of us unhappy .11 ğŸ˜§
957,1,Stats for the day have arrived. 1 new follower and NO unfollowers happy via.3 ğŸ˜Š
958,0,Bapak Tom Cruise.
959,0,Yeah
960,0,[PLEASE RT] he'll buy me a blinking taehyung headband.2
961,0,instant message still bored unhappy ğŸ˜§
962,0,do you even care at all unhappy ğŸ˜§
963,1,Teaser coming out today at 4pm!Story.1
964,1,Nice
965,0,I miss you more unhappy ğŸ˜§
966,1,13 Reasons Why producers: we care about youth mental health ğŸ˜Š 13RW producers: *show young audience graphic rape and suicide s
967,1,Rose come to him! He's really your enthusiast :-D using SO MUCH not SO MAY! :-) ~~~
968,1,a beautiful day happy ğŸ˜Š
969,0,unhappy ğŸ˜’ unhappy feeling sick ğŸ˜§ ğŸ˜§
970,1,Client work for rt and favorite happy.2
971,0,Nooo your hair color is pretty
972,1,have a great
973,1,Congratulations
974,0,As if this process hasn't been frustrating enough
975,0,this is damn.... theres people who sincerely want to attend BH birthday party but bcs of those people who try for fun make them ca.1
976,0,As Nani in lies unconscious
977,0,Joy we should get him back
978,1,Hellooo.. happy Kyle Davies (RebelByACause) ğŸ˜Š
979,1,Aww hating that I got sponsored
980,1,rt if you hate me crying with joy ğŸ˜†
981,1,Hello everyone
982,1,Thanks for sharing my iris photo. I really appreciate it smile.1
983,1,SONE who cant stream at Genie!You CAN stream for TY at Genie! We are still sharing some Genie IDs. If you want it
984,0,Ailes sure knew how to make a great network! Fox is going downhill wi
985,1,that I said
986,0,my puppies deserves all better unhappy .1 ğŸ˜§
987,1,Awesome! makes a good nurse maid
988,1,Share the love: thanks for being top new followers this week happy.3
989,0,Ah alright
990,1,Unnamed: 527
991,0,Hope he's ok
992,0,Hi! We tried to call your number but got no response unhappy Please share another suitable time and an alternate number.. cont1 ğŸ˜§
993,0,Definitely my arms unhappy .11 ğŸ˜§
994,0,I just finished gym
995,1,AVI for my man ğŸ˜Š Phone made like always ğŸ˜‰
996,1,I know vearey moving. and TWISTY! And you aaree are
997,0,he'll kil
998,1,Thank you crew happy.1
999,1,This never happened with our happy.1
